{
  "width": 6665.292953,
  "height": 5883.395029,
  "padding": 5578.658694,
  "color": 5509.583974,
  "display": 5337.700814,
  "margin": 5322.048840,
  "float": 5014.146489,
  "font-size": 4961.711310,
  "position": 4841.499060,
  "background": 4387.711601,
  "border": 4008.625063,
  "font-weight": 3887.598977,
  "top": 3699.593362,
  "line-height": 3672.216101,
  "text-align": 3619.508793,
  "background-position": 3111.335850,
  "overflow": 3400.307017,
  "left": 3381.859212,
  "margin-top": 3250.845636,
  "text-decoration": 3161.951097,
  "background-color": 3443.006395,
  "margin-left": 2992.323371,
  "margin-bottom": 2835.837009,
  "padding-left": 2722.967310,
  "z-index": 2632.095446,
  "margin-right": 2588.206017,
  "padding-top": 2539.134080,
  "cursor": 2529.729151,
  "clear": 2478.957281,
  "border-bottom": 2385.520960,
  "right": 2294.068874,
  "padding-bottom": 2083.065463,
  "font-family": 2071.639140,
  "border-top": 1954.793598,
  "padding-right": 1903.127143,
  "vertical-align": 1790.834240,
  "background-image": 1725.060740,
  "bottom": 1594.602930,
  "border-right": 1587.805323,
  "background-repeat": 1505.991992,
  "border-left": 1489.563357,
  "text-indent": 1456.072783,
  "list-style": 1267.721584,
  "font": 5237.207590,
  "border-radius": 1150.855256,
  "-moz-border-radius": 1139.090860,
  "zoom": 1065.110540,
  "white-space": 1045.049636,
  "min-height": 1042.189207,
  "border-color": 1039.127038,
  "font-style": 1013.518562,
  "opacity": 985.130570,
  "text-transform": 967.948116,
  "visibility": 933.962527,
  "list-style-type": 882.847373,
  "filter": 864.336635,
  "outline": 855.378008,
  "border-width": 804.512664,
  "box-shadow": 788.015609,
  "content": 769.810939,
  "-webkit-box-shadow": 761.288259,
  "-moz-box-shadow": 759.965712,
  "text-shadow": 625.430837,
  "letter-spacing": 595.693422,
  "min-width": 573.571424,
  "border-style": 540.052072,
  "border-collapse": 502.376864,
  "max-width": 449.821307,
  "max-height": 351.044148,
  "overflow-y": 280.654218,
  "-moz-opacity": 274.940161,
  "list-style-position": 264.618578,
  "overflow-x": 249.817201,
  "border-bottom-color": 245.024559,
  "word-wrap": 226.169709,
  "border-spacing": 214.598689,
  "border-top-color": 200.012310,
  "-webkit-transition": 162.064314,
  "list-style-image": 161.406746,
  "text-overflow": 144.265851,
  "-moz-transition": 142.190189,
  "border-bottom-width": 140.952353,
  "border-left-width": 139.280663,
  "-khtml-border-radius": 138.512312,
  "border-right-width": 136.661157,
  "border-right-color": 134.239510,
  "border-left-color": 120.155620,
  "border-top-width": 114.204459,
  "-o-border-radius": 104.123892,
  "-o-transition": 100.238817,
  "direction": 98.769080,
  "font-variant": 96.741612,
  "transition": 87.932498,
  "-webkit-transform": 85.744501,
  "-khtml-opacity": 81.578664,
  "word-spacing": 80.506598,
  "border-bottom-style": 79.851028,
  "-moz-user-select": 76.865746,
  "-ms-border-radius": 74.116224,
  "border-top-style": 72.487158,
  "clip": 72.318234,
  "-moz-background-clip": 71.746864,
  "-moz-transform": 71.463669,
  "resize": 70.359246,
  "word-break": 65.943858,
  "-moz-box-sizing": 65.306875,
  "-webkit-user-select": 61.854043,
  "table-layout": 60.577995,
  "-o-box-shadow": 60.360534,
  "box-sizing": 60.231701,
  "background-clip": 60.065976,
  "-webkit-box-sizing": 57.248392,
  "behavior": 56.976287,
  "quotes": 54.183263,
  "border-left-style": 51.668319,
  "-ms-transition": 50.084987,
  "-o-text-overflow": 49.431111,
  "border-right-style": 48.668742,
  "-webkit-appearance": 48.574676,
  "background-size": 48.223683,
  "user-select": 47.002963,
  "src": 45.680065,
  "-khtml-user-select": 44.695262,
  "-o-transform": 42.110110,
  "transform": 39.322596,
  "outline-style": 37.824119,
  "-ms-filter": 36.267925,
  "-o-user-select": 35.340341,
  "-ms-box-shadow": 33.995868,
  "font-size-adjust": 33.379505,
  "-moz-text-shadow": 32.289377,
  "outline-width": 32.011879,
  "-webkit-text-shadow": 29.763649,
  "-ms-transform": 29.312737,
  "progid": 29.139441,
  "-moz-background-size": 28.547258,
  "font-stretch": 25.008494,
  "-moz-outline-style": 24.046333,
  "outline-color": 23.750454,
  "-pie-background": 23.605629,
  "-ms-box-sizing": 21.525059,
  "voice-family": 18.351459,
  "font-color": 17.381924,
  "-moz-outline": 16.555245,
  "-x-system-font": 14.125909,
  "page-break-after": 13.810828,
  "-ms-text-overflow": 12.858398,
  "background-origin": 12.609936,
  "align": 12.188967,
  "-khtml-box-shadow": 12.019068,
  "transition-property": 11.972879,
  "transition-duration": 11.836747,
  "pointer-events": 11.836747,
  "-moz-box-orient": 10.786924,
  "scrollbar-face-color": 10.632774,
  "-moz-border-image": 10.450452,
  "unicode-bidi": 10.385914,
  "-khtml-text-shadow": 10.269241,
  "webkit-border-radius": 9.181941,
  "-background-image": 9.169518,
  "-webkit-animation": 8.841014,
  "-ms-user-select": 8.841014,
  "-webkit-column-count": 8.658693,
  "-width": 8.594154,
  "-moz-animation-name": 8.553332,
  "empty-cells": 8.435549,
  "-moz-column-count": 8.253228,
  "page-break-inside": 8.147867,
  "-o-background-size": 7.965546,
  "column-count": 7.560080,
  "-moz-animation": 7.454720,
  "heigth": 7.454720,
  "webkit-box-shadow": 6.962243,
  "-ms-text-size-adjust": 6.931472,
  "caption-side": 6.461468,
  "-moz-column-gap": 6.356108,
  "-o-transform-origin": 6.030685,
  "transform-origin": 5.991465,
  "page-break-before": 5.950643,
  "moz-box-shadow": 5.950643,
  "-background": 5.886104,
  "-moz-appearance": 5.662960,
  "-height": 5.662960,
  "-moz-text-blink": 5.347108,
  "-ms-transform-origin": 5.337538,
  "-webkit-column-gap": 5.257495,
  "counter-increment": 5.257495,
  "postion": 5.257495,
  "transition-delay": 5.257495,
  "-ms-animation-name": 5.087596,
  "diplay": 5.075174,
  "-o-animation-name": 5.068904,
  "-box-shadow": 4.969813,
  "text-rendering": 4.852030,
  "-border-radius": 4.852030,
  "widows": 4.852030,
  "-moz-binding": 4.682131,
  "-top": 4.564348,
  "xheight": 4.564348,
  "-background-position": 4.276666,
  "size": 4.276666,
  "ime-mode": 4.158883,
  "counter-reset": 4.158883,
  "font-face": 4.158883,
  "orphans": 4.158883,
  "-padding": 4.158883,
  "-webkit-opacity": 4.158883,
  "-moz-text-overflow": 4.094345,
  "widht": 3.912023,
  "heigh": 3.871201,
  "-display": 3.871201,
  "-o-box-sizing": 3.871201,
  "moz-border-radius": 3.688879,
  "-ms-animation": 3.583519,
  "-margin": 3.583519,
  "pointer": 3.465736,
  "border-bottom-radius": 3.465736,
  "column-gap": 3.465736,
  "-webkit-perspective": 3.465736,
  "-mox-box-shadow": 3.465736,
  "outline-offset": 3.258097,
  "-o-text-shadow": 3.178054,
  "text-wrap": 2.890372,
  "oveflow": 2.890372,
  "-webkit-nbsp-mode": 2.890372,
  "hide-focus": 2.772589,
  "-opera-border-radius": 2.772589,
  "-webkit-border-radus": 2.772589,
  "-o-background-clip": 2.772589,
  "whitespace": 2.772589,
  "-overflow": 2.772589,
  "moz-opacity": 2.772589,
  "-ms-background-clip": 2.772589,
  "-moz-user-focus": 2.484907,
  "xdisplay": 2.484907,
  "animation": 2.484907,
  "font-width": 2.484907,
  "fongt-size": 2.484907,
  "-moz-box-text-shadow": 2.484907,
  "-wwwebkit-box-shadow": 2.302585,
  "box-shodow": 2.302585,
  "-o-animation": 2.197225,
  "xbackground-color": 2.197225,
  "-webkit-user-modify": 2.197225,
  "visible": 2.079442,
  "-margin-bottom": 2.079442,
  "text-decoration-line": 2.079442,
  "-webkit-margin-after": 2.079442,
  "marging": 2.079442,
  "-ms-text-shadow": 2.079442,
  "-o-transition-delay": 2.079442,
  "font-smooth": 2.079442,
  "border-image": 2.079442,
  "revid": 2.079442,
  "boder": 2.079442,
  "pie-background": 2.079442,
  "xmargin-left": 1.791759,
  "-ie-border-radius": 1.791759,
  "scrollbar-base-color": 1.791759,
  "positon": 1.791759,
  "list-item-style": 1.791759,
  "moz-user-select": 1.791759,
  "weight": 1.791759,
  "xline-height": 1.791759,
  "-left": 1.791759,
  "-moz-box-flex": 1.791759,
  "-mmmoz-box-shadow": 1.791759,
  "visiblity": 1.791759,